Date,HomeTeam,AwayTeam,FTHG,FTAG,AvgCH,AvgCD,AvgCA
15/08/2025,Liverpool,Bournemouth,4,2,1.29,6.02,8.68
16/08/2025,Aston Villa,Newcastle,0,0,2.38,3.41,2.93
16/08/2025,Brighton,Fulham,1,1,1.83,3.64,4.26
16/08/2025,Sunderland,West Ham,3,0,3.4,3.17,2.25
16/08/2025,Tottenham,Burnley,3,0,1.55,4.01,6.16
16/08/2025,Wolves,Man City,0,4,6.24,4.32,1.51
17/08/2025,Chelsea,Crystal Palace,0,0,1.82,3.72,4.26
17/08/2025,Nott'm Forest,Brentford,3,1,1.91,3.44,4.16
17/08/2025,Man United,Arsenal,0,1,3.79,3.7,1.93
18/08/2025,Leeds,Everton,1,0,2.34,3.21,3.16
22/08/2025,West Ham,Chelsea,1,5,4.75,3.82,1.72
23/08/2025,Man City,Tottenham,0,2,1.54,4.53,5.46
23/08/2025,Bournemouth,Wolves,1,0,1.8,3.74,4.32
23/08/2025,Brentford,Aston Villa,1,0,3.25,3.45,2.18
23/08/2025,Burnley,Sunderland,2,0,2.38,3.11,3.22
23/08/2025,Arsenal,Leeds,5,0,1.33,5.36,8.94
24/08/2025,Crystal Palace,Nott'm Forest,1,1,2.39,3.24,3.06
24/08/2025,Everton,Brighton,2,0,2.9,3.34,2.43
24/08/2025,Fulham,Man United,1,1,3.45,3.51,2.08
25/08/2025,Newcastle,Liverpool,2,3,2.92,3.65,2.29
30/08/2025,Chelsea,Fulham,2,0,1.67,3.93,5.03
30/08/2025,Man United,Burnley,3,2,1.38,5.06,7.6
30/08/2025,Sunderland,Brentford,2,1,3.1,3.25,2.35
30/08/2025,Tottenham,Bournemouth,0,1,1.89,3.75,3.84
30/08/2025,Wolves,Everton,2,3,3.33,3.11,2.32
30/08/2025,Leeds,Newcastle,0,0,3.67,3.36,2.06
31/08/2025,Brighton,Man City,2,1,3.47,3.64,2.03
31/08/2025,Nott'm Forest,West Ham,0,3,1.65,4.01,4.98
31/08/2025,Liverpool,Arsenal,1,0,2.37,3.33,3.01
31/08/2025,Aston Villa,Crystal Palace,0,3,2.09,3.51,3.44
13/09/2025,Arsenal,Nott'm Forest,3,0,1.41,4.78,7.48
13/09/2025,Bournemouth,Brighton,2,1,2.42,3.51,2.82
13/09/2025,Crystal Palace,Sunderland,0,0,1.68,3.65,5.41
13/09/2025,Everton,Aston Villa,0,0,2.62,3.2,2.8
13/09/2025,Fulham,Leeds,1,0,2.04,3.37,3.76
13/09/2025,Newcastle,Wolves,1,0,1.36,5.0,8.48
13/09/2025,West Ham,Tottenham,0,3,3.27,3.51,2.17
13/09/2025,Brentford,Chelsea,2,2,4.21,3.72,1.83
14/09/2025,Burnley,Liverpool,0,1,8.63,5.54,1.32
14/09/2025,Man City,Man United,3,0,1.65,4.14,4.83
20/09/2025,Liverpool,Everton,2,1,1.51,4.35,6.31
20/09/2025,Brighton,Tottenham,2,2,2.17,3.63,3.14
20/09/2025,Burnley,Nott'm Forest,1,1,3.41,3.31,2.18
20/09/2025,West Ham,Crystal Palace,1,2,3.04,3.42,2.31
20/09/2025,Wolves,Leeds,1,3,2.88,3.08,2.58
20/09/2025,Man United,Chelsea,2,1,2.64,3.62,2.51
20/09/2025,Fulham,Brentford,3,1,2.12,3.29,3.58
21/09/2025,Bournemouth,Newcastle,0,0,2.38,3.29,3.02
21/09/2025,Sunderland,Aston Villa,1,1,3.8,3.32,2.04
21/09/2025,Arsenal,Man City,1,1,2.05,3.56,3.54
27/09/2025,Brentford,Man United,3,1,3.3,3.74,2.07
27/09/2025,Chelsea,Brighton,1,3,1.98,3.75,3.57
27/09/2025,Crystal Palace,Liverpool,2,1,4.01,3.71,1.87
27/09/2025,Leeds,Bournemouth,2,2,2.96,3.23,2.46
27/09/2025,Man City,Burnley,5,1,1.19,7.02,14.17
27/09/2025,Nott'm Forest,Sunderland,0,1,1.75,3.69,4.73
27/09/2025,Tottenham,Wolves,1,1,1.53,4.27,6.05
28/09/2025,Aston Villa,Fulham,3,1,2.25,3.24,3.34
28/09/2025,Newcastle,Arsenal,1,2,3.4,3.26,2.21
29/09/2025,Everton,West Ham,1,1,1.65,3.87,5.28
03/10/2025,Bournemouth,Fulham,3,1,1.95,3.43,4.01
04/10/2025,Leeds,Tottenham,1,2,2.75,3.35,2.55
04/10/2025,Arsenal,West Ham,2,0,1.18,7.28,14.63
04/10/2025,Man United,Sunderland,2,0,1.61,4.22,5.1
04/10/2025,Chelsea,Liverpool,2,1,2.87,3.64,2.31
05/10/2025,Aston Villa,Burnley,2,1,1.55,4.05,6.13
05/10/2025,Everton,Crystal Palace,2,1,2.65,3.1,2.82
05/10/2025,Newcastle,Nott'm Forest,2,0,1.51,4.42,6.06
05/10/2025,Wolves,Brighton,1,1,3.46,3.53,2.08
05/10/2025,Brentford,Man City,0,1,5.03,4.18,1.62
18/10/2025,Nott'm Forest,Chelsea,0,3,3.07,3.43,2.27
18/10/2025,Brighton,Newcastle,2,1,2.86,3.44,2.42
18/10/2025,Burnley,Leeds,2,0,3.48,3.22,2.19
18/10/2025,Crystal Palace,Bournemouth,3,3,2.13,3.39,3.44
18/10/2025,Man City,Everton,2,0,1.44,4.46,7.29
18/10/2025,Sunderland,Wolves,2,0,2.49,3.03,3.08
18/10/2025,Fulham,Arsenal,0,1,6.77,4.18,1.5
19/10/2025,Tottenham,Aston Villa,1,2,2.24,3.36,3.21
19/10/2025,Liverpool,Man United,1,2,1.67,4.3,4.55
20/10/2025,West Ham,Brentford,0,2,2.75,3.29,2.57
24/10/2025,Leeds,West Ham,2,1,1.79,3.64,4.56
25/10/2025,Chelsea,Sunderland,1,2,1.44,4.52,7.2
25/10/2025,Newcastle,Fulham,2,1,1.6,3.99,5.62
25/10/2025,Man United,Brighton,4,2,1.99,3.85,3.41
25/10/2025,Brentford,Liverpool,3,2,3.92,4.01,1.82
26/10/2025,Arsenal,Crystal Palace,1,0,1.38,4.91,8.08
26/10/2025,Aston Villa,Man City,1,0,4.16,3.77,1.82
26/10/2025,Bournemouth,Nott'm Forest,2,0,1.95,3.59,3.82
26/10/2025,Wolves,Burnley,2,3,1.92,3.3,4.34
26/10/2025,Everton,Tottenham,0,3,2.2,3.34,3.32
01/11/2025,Brighton,Leeds,3,0,1.93,3.61,3.88
01/11/2025,Burnley,Arsenal,0,2,13.66,5.78,1.24
01/11/2025,Crystal Palace,Brentford,2,0,2.06,3.43,3.6
01/11/2025,Fulham,Wolves,3,0,1.79,3.69,4.44
01/11/2025,Nott'm Forest,Man United,2,2,3.27,3.63,2.12
01/11/2025,Tottenham,Chelsea,0,1,3.02,3.44,2.31
01/11/2025,Liverpool,Aston Villa,2,0,1.65,4.28,4.67
02/11/2025,West Ham,Newcastle,3,1,4.99,4.08,1.64
02/11/2025,Man City,Bournemouth,3,1,1.41,5.08,6.86
03/11/2025,Sunderland,Everton,1,1,3.24,3.09,2.37
08/11/2025,Tottenham,Man United,2,2,2.9,3.47,2.38
08/11/2025,Everton,Fulham,2,0,2.31,3.21,3.23
08/11/2025,West Ham,Burnley,3,2,1.86,3.56,4.23
08/11/2025,Sunderland,Arsenal,2,2,7.33,4.23,1.46
08/11/2025,Chelsea,Wolves,3,0,1.36,5.1,8.12
09/11/2025,Aston Villa,Bournemouth,4,0,2.3,3.37,3.1
09/11/2025,Brentford,Newcastle,3,1,2.83,3.38,2.47
09/11/2025,Crystal Palace,Brighton,0,0,2.38,3.39,2.97
09/11/2025,Nott'm Forest,Leeds,3,1,2.23,3.14,3.46
09/11/2025,Man City,Liverpool,3,0,1.89,3.94,3.69
22/11/2025,Burnley,Chelsea,0,2,5.46,4.14,1.58
22/11/2025,Bournemouth,West Ham,2,2,1.67,3.97,4.95
22/11/2025,Brighton,Brentford,2,1,2.1,3.44,3.47
22/11/2025,Fulham,Sunderland,1,0,2.02,3.33,3.81
22/11/2025,Liverpool,Nott'm Forest,0,3,1.45,4.6,6.58
22/11/2025,Wolves,Crystal Palace,0,2,4.43,3.65,1.81
22/11/2025,Newcastle,Man City,2,1,3.67,3.7,1.95
23/11/2025,Leeds,Aston Villa,1,2,3.22,3.3,2.27
23/11/2025,Arsenal,Tottenham,4,1,1.47,4.29,7.15
24/11/2025,Man United,Everton,0,1,1.86,3.69,4.09
29/11/2025,Brentford,Burnley,3,1,1.48,4.36,6.61
29/11/2025,Man City,Leeds,3,2,1.22,6.58,11.56
29/11/2025,Sunderland,Bournemouth,3,2,3.14,3.3,2.3
29/11/2025,Everton,Newcastle,1,4,2.68,3.3,2.65
29/11/2025,Tottenham,Fulham,1,2,2.34,3.35,3.04
30/11/2025,Crystal Palace,Man United,1,2,2.07,3.6,3.4
30/11/2025,Aston Villa,Wolves,1,0,1.46,4.46,6.83
30/11/2025,Nott'm Forest,Brighton,0,2,2.85,3.29,2.51
30/11/2025,West Ham,Liverpool,0,2,5.07,4.49,1.58
30/11/2025,Chelsea,Arsenal,1,1,3.01,3.14,2.46
02/12/2025,Bournemouth,Everton,0,1,2.17,3.4,3.34
02/12/2025,Fulham,Man City,4,5,5.14,4.08,1.63
02/12/2025,Newcastle,Tottenham,2,2,1.83,3.78,4.07
03/12/2025,Arsenal,Brentford,2,0,1.43,4.53,7.43
03/12/2025,Brighton,Aston Villa,3,4,2.25,3.42,3.17
03/12/2025,Burnley,Crystal Palace,0,1,4.99,3.62,1.73
03/12/2025,Wolves,Nott'm Forest,0,1,3.1,3.23,2.37
03/12/2025,Leeds,Chelsea,3,1,3.94,3.45,1.95
03/12/2025,Liverpool,Sunderland,1,1,1.35,5.25,7.98
04/12/2025,Man United,West Ham,1,1,1.4,5.03,7.21
06/12/2025,Aston Villa,Arsenal,2,1,4.18,3.47,1.9
06/12/2025,Bournemouth,Chelsea,0,0,3.33,3.75,2.05
06/12/2025,Everton,Nott'm Forest,3,0,2.08,3.28,3.72
06/12/2025,Man City,Sunderland,3,0,1.25,6.18,10.59
06/12/2025,Newcastle,Burnley,2,1,1.3,5.53,9.5
06/12/2025,Tottenham,Brentford,2,0,2.42,3.35,2.9
06/12/2025,Leeds,Liverpool,3,3,4.4,3.88,1.76
07/12/2025,Brighton,West Ham,1,1,1.6,4.24,5.16
07/12/2025,Fulham,Crystal Palace,1,2,2.49,3.32,2.85
08/12/2025,Wolves,Man United,1,4,5.04,4.09,1.64
13/12/2025,Chelsea,Everton,2,0,1.71,3.84,4.77
13/12/2025,Liverpool,Brighton,2,0,1.74,3.98,4.37
13/12/2025,Burnley,Fulham,2,3,3.88,3.41,1.99
13/12/2025,Arsenal,Wolves,2,1,1.12,8.9,22.31
14/12/2025,Crystal Palace,Man City,0,3,4.01,3.73,1.85
14/12/2025,Nott'm Forest,Tottenham,3,0,2.62,3.31,2.7
14/12/2025,Sunderland,Newcastle,1,0,3.41,3.35,2.16
14/12/2025,West Ham,Aston Villa,2,3,3.31,3.42,2.18
14/12/2025,Brentford,Leeds,1,1,2.14,3.25,3.56
15/12/2025,Man United,Bournemouth,4,4,1.76,4.18,4.1
20/12/2025,Newcastle,Chelsea,2,2,2.79,3.53,2.41
20/12/2025,Bournemouth,Burnley,1,1,1.47,4.62,6.47
20/12/2025,Brighton,Sunderland,0,0,1.83,3.65,4.27
20/12/2025,Man City,West Ham,3,0,1.2,7.44,12.02
20/12/2025,Wolves,Brentford,0,2,3.42,3.37,2.15
20/12/2025,Tottenham,Liverpool,1,2,3.54,3.59,2.02
20/12/2025,Everton,Arsenal,0,1,6.26,4.02,1.54
20/12/2025,Leeds,Crystal Palace,4,1,2.83,3.06,2.66
21/12/2025,Aston Villa,Man United,2,1,2.01,3.67,3.53
22/12/2025,Fulham,Nott'm Forest,1,0,2.55,3.33,2.75
26/12/2025,Man United,Newcastle,1,0,2.47,3.64,2.66
27/12/2025,Nott'm Forest,Man City,1,2,5.17,4.16,1.61
27/12/2025,Arsenal,Brighton,2,1,1.32,5.45,8.87
27/12/2025,Brentford,Bournemouth,4,1,2.28,3.47,3.04
27/12/2025,Burnley,Everton,0,0,3.66,3.1,2.18
27/12/2025,Liverpool,Wolves,2,1,1.24,6.43,11.22
27/12/2025,West Ham,Fulham,0,1,2.98,3.33,2.39
27/12/2025,Chelsea,Aston Villa,1,2,1.77,3.94,4.23
28/12/2025,Sunderland,Leeds,1,1,2.84,3.1,2.63
28/12/2025,Crystal Palace,Tottenham,0,1,2.23,3.38,3.22
30/12/2025,Burnley,Newcastle,1,3,5.71,4.12,1.56
30/12/2025,Chelsea,Bournemouth,2,2,1.56,4.45,5.25
30/12/2025,Nott'm Forest,Everton,0,2,1.9,3.37,4.29
30/12/2025,West Ham,Brighton,2,2,3.32,3.59,2.1
30/12/2025,Arsenal,Aston Villa,4,1,1.37,5.03,7.76
30/12/2025,Man United,Wolves,1,1,1.37,5.04,7.63
01/01/2026,Crystal Palace,Fulham,1,1,2.22,3.27,3.34
01/01/2026,Liverpool,Leeds,0,0,1.47,4.45,6.68
01/01/2026,Brentford,Tottenham,0,0,2.4,3.4,2.91
01/01/2026,Sunderland,Man City,0,0,7.23,4.7,1.42
03/01/2026,Aston Villa,Nott'm Forest,3,1,1.9,3.51,4.1
03/01/2026,Brighton,Burnley,2,0,1.45,4.51,7.0
03/01/2026,Wolves,West Ham,3,0,2.63,3.36,2.66
03/01/2026,Bournemouth,Arsenal,2,3,5.95,4.43,1.51
04/01/2026,Leeds,Man United,1,1,2.73,3.3,2.59
04/01/2026,Everton,Brentford,2,4,2.46,3.16,3.01
04/01/2026,Newcastle,Crystal Palace,2,0,1.68,3.93,4.9
04/01/2026,Tottenham,Sunderland,1,1,1.97,3.39,3.95
04/01/2026,Fulham,Liverpool,2,2,4.07,3.61,1.88
04/01/2026,Man City,Chelsea,1,1,1.47,4.9,5.88
06/01/2026,West Ham,Nott'm Forest,1,2,2.92,3.39,2.39
07/01/2026,Bournemouth,Tottenham,3,2,2.17,3.51,3.21
07/01/2026,Brentford,Sunderland,3,0,2.01,3.22,4.07
07/01/2026,Crystal Palace,Aston Villa,0,0,2.99,3.33,2.38
07/01/2026,Everton,Wolves,1,1,1.84,3.46,4.51
07/01/2026,Fulham,Chelsea,2,1,3.61,3.56,2.01
07/01/2026,Man City,Brighton,1,1,1.5,4.62,5.79
07/01/2026,Burnley,Man United,2,2,4.8,3.76,1.72
07/01/2026,Newcastle,Leeds,4,3,1.61,3.94,5.56
08/01/2026,Arsenal,Liverpool,0,0,1.57,4.16,5.65
17/01/2026,Man United,Man City,2,0,3.01,3.63,2.23
17/01/2026,Chelsea,Brentford,2,0,1.86,3.78,3.93
17/01/2026,Leeds,Fulham,1,0,2.31,3.34,3.1
17/01/2026,Liverpool,Burnley,1,1,1.23,6.38,11.91
17/01/2026,Sunderland,Crystal Palace,2,1,2.38,3.13,3.15
17/01/2026,Tottenham,West Ham,1,2,1.84,3.72,4.13
17/01/2026,Nott'm Forest,Arsenal,0,0,5.79,3.87,1.6
18/01/2026,Wolves,Newcastle,0,0,4.5,3.98,1.72
18/01/2026,Aston Villa,Everton,0,1,1.6,3.94,5.77
19/01/2026,Brighton,Bournemouth,1,1,1.96,3.79,3.55
24/01/2026,West Ham,Sunderland,3,1,2.21,3.32,3.28
24/01/2026,Burnley,Tottenham,2,2,3.85,3.33,2.01
24/01/2026,Fulham,Brighton,2,1,2.57,3.28,2.76
24/01/2026,Man City,Wolves,2,0,1.3,5.63,9.5
24/01/2026,Bournemouth,Liverpool,3,2,4.21,3.98,1.77
25/01/2026,Brentford,Nott'm Forest,0,2,1.84,3.5,4.38
25/01/2026,Crystal Palace,Chelsea,1,3,3.39,3.48,2.11
25/01/2026,Newcastle,Aston Villa,0,2,2.15,3.53,3.26
25/01/2026,Arsenal,Man United,2,3,1.54,4.32,5.69
26/01/2026,Everton,Leeds,1,1,2.49,3.07,3.03
31/01/2026,Brighton,Everton,1,1,1.91,3.47,4.08
31/01/2026,Leeds,Arsenal,0,4,5.87,3.99,1.57
31/01/2026,Wolves,Bournemouth,0,2,2.94,3.41,2.37
31/01/2026,Chelsea,West Ham,3,2,1.59,4.34,5.11
31/01/2026,Liverpool,Newcastle,4,1,1.64,4.22,4.78
01/02/2026,Aston Villa,Brentford,0,1,2.3,3.32,3.13
01/02/2026,Man United,Fulham,3,2,1.52,4.63,5.47
01/02/2026,Nott'm Forest,Crystal Palace,1,1,2.09,3.22,3.73
01/02/2026,Tottenham,Man City,2,2,4.98,4.01,1.65
02/02/2026,Sunderland,Burnley,3,0,1.91,3.23,4.46
06/02/2026,Leeds,Nott'm Forest,3,1,2.14,3.37,3.4
07/02/2026,Man United,Tottenham,2,0,1.59,4.38,4.95
07/02/2026,Arsenal,Sunderland,3,0,1.26,5.65,12.04
07/02/2026,Bournemouth,Aston Villa,1,1,2.84,3.58,2.35
07/02/2026,Burnley,West Ham,0,2,3.11,3.58,2.19
07/02/2026,Fulham,Everton,1,2,2.13,3.41,3.4
07/02/2026,Wolves,Chelsea,1,3,5.31,4.19,1.58
07/02/2026,Newcastle,Brentford,2,3,1.92,3.7,3.77
08/02/2026,Brighton,Crystal Palace,0,1,2.19,3.27,3.39
08/02/2026,Liverpool,Man City,1,2,2.15,3.84,3.01
10/02/2026,Chelsea,Leeds,2,2,1.51,4.4,6.03
10/02/2026,Everton,Bournemouth,1,2,2.32,3.41,3.0
10/02/2026,Tottenham,Newcastle,1,2,3.0,3.6,2.25
10/02/2026,West Ham,Man United,1,1,4.47,4.15,1.69
11/02/2026,Aston Villa,Brighton,1,0,2.06,3.69,3.34
11/02/2026,Crystal Palace,Burnley,2,3,1.46,4.45,6.9
11/02/2026,Man City,Fulham,3,0,1.37,5.23,7.38
11/02/2026,Nott'm Forest,Wolves,0,0,1.73,3.79,4.66
11/02/2026,Sunderland,Liverpool,0,1,4.45,3.83,1.75
12/02/2026,Brentford,Arsenal,1,1,5.08,3.77,1.68
18/02/2026,Wolves,Arsenal,2,2,12.35,5.93,1.24
21/02/2026,Aston Villa,Leeds,1,1,1.82,3.68,4.18
21/02/2026,Brentford,Brighton,0,2,2.25,3.39,3.13
21/02/2026,Chelsea,Burnley,1,1,1.23,6.31,11.6
21/02/2026,West Ham,Bournemouth,0,0,2.66,3.62,2.46
21/02/2026,Man City,Newcastle,2,1,1.54,4.63,5.31
22/02/2026,Crystal Palace,Wolves,1,0,1.77,3.71,4.44
22/02/2026,Nott'm Forest,Liverpool,0,1,3.83,3.78,1.87
22/02/2026,Sunderland,Fulham,1,3,2.85,3.18,2.55
22/02/2026,Tottenham,Arsenal,1,4,7.2,4.35,1.45
23/02/2026,Everton,Man United,0,1,3.52,3.62,1.99
27/02/2026,Wolves,Aston Villa,2,0,4.6,3.74,1.74
28/02/2026,Bournemouth,Sunderland,1,1,1.8,3.68,4.27
28/02/2026,Burnley,Brentford,3,4,4.34,3.79,1.77
28/02/2026,Liverpool,West Ham,5,2,1.41,4.98,6.69
28/02/2026,Newcastle,Everton,2,3,1.78,3.73,4.34
28/02/2026,Leeds,Man City,0,1,4.77,3.91,1.69
01/03/2026,Brighton,Nott'm Forest,2,1,2.09,3.39,3.48
01/03/2026,Fulham,Tottenham,2,1,2.02,3.66,3.45
01/03/2026,Man United,Crystal Palace,2,1,1.51,4.35,5.95
01/03/2026,Arsenal,Chelsea,2,1,1.5,4.36,6.05
03/03/2026,Bournemouth,Brentford,0,0,2.5,3.56,2.65
03/03/2026,Everton,Burnley,2,0,1.61,3.78,5.73
03/03/2026,Leeds,Sunderland,0,1,1.81,3.51,4.51
03/03/2026,Wolves,Liverpool,2,1,6.85,4.71,1.43
04/03/2026,Aston Villa,Chelsea,1,4,2.64,3.48,2.54
04/03/2026,Brighton,Arsenal,0,1,5.03,3.84,1.67
04/03/2026,Fulham,West Ham,0,1,2.2,3.51,3.13
04/03/2026,Man City,Nott'm Forest,2,2,1.39,4.83,7.62
04/03/2026,Newcastle,Man United,2,1,2.56,3.62,2.52
05/03/2026,Tottenham,Crystal Palace,1,3,2.44,3.37,2.83
14/03/2026,Burnley,Bournemouth,0,0,3.92,3.93,1.82
14/03/2026,Sunderland,Brighton,0,1,3.64,3.46,2.01
14/03/2026,Arsenal,Everton,2,0,1.37,4.65,8.58
14/03/2026,Chelsea,Newcastle,0,1,1.69,4.24,4.3
14/03/2026,West Ham,Man City,1,1,4.81,4.16,1.63
15/03/2026,Crystal Palace,Leeds,0,0,2.66,3.23,2.69
15/03/2026,Man United,Aston Villa,3,1,1.69,4.0,4.56
15/03/2026,Nott'm Forest,Fulham,0,0,2.29,3.31,3.13
15/03/2026,Liverpool,Tottenham,1,1,1.3,5.87,8.24
16/03/2026,Brentford,Wolves,2,2,1.53,4.29,5.78
20/03/2026,Bournemouth,Man United,2,2,3.07,3.72,2.15
21/03/2026,Brighton,Liverpool,2,1,3.05,3.62,2.19
21/03/2026,Fulham,Burnley,3,1,1.52,4.29,5.92
21/03/2026,Everton,Chelsea,3,0,3.15,3.43,2.22
21/03/2026,Leeds,Brentford,0,0,2.35,3.41,2.95
22/03/2026,Newcastle,Sunderland,1,2,1.53,4.2,5.83
22/03/2026,Aston Villa,West Ham,2,0,1.73,3.79,4.55
22/03/2026,Tottenham,Nott'm Forest,0,3,2.37,3.29,3.0
10/04/2026,West Ham,Wolves,4,0,1.77,3.74,4.38
11/04/2026,Arsenal,Bournemouth,1,2,1.47,4.47,6.4
11/04/2026,Brentford,Everton,2,2,2.15,3.34,3.37
11/04/2026,Burnley,Brighton,0,2,5.29,4.13,1.59
11/04/2026,Liverpool,Fulham,2,0,1.71,4.06,4.38
12/04/2026,Crystal Palace,Newcastle,2,1,2.91,3.3,2.42
12/04/2026,Nott'm Forest,Aston Villa,1,1,2.35,3.32,2.99
12/04/2026,Sunderland,Tottenham,1,0,2.75,3.31,2.53
12/04/2026,Chelsea,Man City,0,3,3.48,3.89,1.94
13/04/2026,Man United,Leeds,1,2,1.62,4.07,5.08
18/04/2026,Brentford,Fulham,0,0,1.96,3.75,3.52
18/04/2026,Leeds,Wolves,3,0,1.53,4.11,6.26
18/04/2026,Newcastle,Bournemouth,1,2,2.18,3.67,3.04
18/04/2026,Tottenham,Brighton,2,2,2.93,3.76,2.21
18/04/2026,Chelsea,Man United,0,1,2.1,3.69,3.21
19/04/2026,Aston Villa,Sunderland,4,3,1.73,3.66,4.8
19/04/2026,Everton,Liverpool,1,2,3.2,3.33,2.24
19/04/2026,Nott'm Forest,Burnley,4,1,1.46,4.39,6.84
19/04/2026,Man City,Arsenal,2,1,1.84,3.59,4.22
20/04/2026,Crystal Palace,West Ham,0,0,2.53,3.33,2.76
21/04/2026,Brighton,Chelsea,3,0,2.28,3.43,3.01
22/04/2026,Bournemouth,Leeds,2,2,1.83,3.78,4.02
22/04/2026,Burnley,Man City,0,1,15.78,8.1,1.15
24/04/2026,Sunderland,Nott'm Forest,0,5,2.66,3.1,2.75
25/04/2026,Fulham,Aston Villa,1,0,2.43,3.55,2.7
25/04/2026,Liverpool,Crystal Palace,3,1,1.56,4.37,5.21
25/04/2026,West Ham,Everton,2,1,2.42,3.38,2.82
25/04/2026,Wolves,Tottenham,0,1,4.62,4.17,1.64
25/04/2026,Arsenal,Newcastle,1,0,1.38,4.87,7.59
27/04/2026,Man United,Brentford,2,1,1.96,3.73,3.53
01/05/2026,Leeds,Burnley,3,1,1.36,4.93,8.54
02/05/2026,Brentford,West Ham,3,0,1.86,3.86,3.8
02/05/2026,Newcastle,Brighton,3,1,2.66,3.6,2.46
02/05/2026,Wolves,Sunderland,1,1,3.67,3.52,1.98
02/05/2026,Arsenal,Fulham,3,0,1.45,4.42,7.02
03/05/2026,Bournemouth,Crystal Palace,3,0,1.56,4.23,5.36
03/05/2026,Man United,Liverpool,3,2,2.35,3.71,2.74
03/05/2026,Aston Villa,Tottenham,1,2,2.24,3.54,2.99
04/05/2026,Chelsea,Nott'm Forest,1,3,1.41,4.78,7.11
04/05/2026,Everton,Man City,3,3,6.69,4.61,1.44
09/05/2026,Liverpool,Chelsea,1,1,1.99,3.69,3.48
09/05/2026,Brighton,Wolves,3,0,1.27,5.95,9.93
09/05/2026,Fulham,Bournemouth,0,1,2.63,3.6,2.47
09/05/2026,Sunderland,Man United,0,0,3.21,3.51,2.15
09/05/2026,Man City,Brentford,3,0,1.34,5.57,7.32
10/05/2026,Burnley,Aston Villa,2,2,6.34,4.42,1.48
10/05/2026,Crystal Palace,Everton,2,2,2.78,3.25,2.54
10/05/2026,Nott'm Forest,Newcastle,1,1,3.27,3.44,2.15
10/05/2026,West Ham,Arsenal,0,1,5.83,4.14,1.54
11/05/2026,Tottenham,Leeds,1,1,1.81,3.73,4.15
13/05/2026,Man City,Crystal Palace,3,0,1.3,5.7,8.53
15/05/2026,Aston Villa,Liverpool,4,2,2.68,3.42,2.5
17/05/2026,Man United,Nott'm Forest,3,2,1.56,4.42,5.12
17/05/2026,Brentford,Crystal Palace,2,2,1.72,3.9,4.41
17/05/2026,Everton,Sunderland,1,3,1.84,3.58,4.13
17/05/2026,Leeds,Brighton,1,0,3.43,3.48,2.04
17/05/2026,Wolves,Fulham,1,1,4.03,3.63,1.84
17/05/2026,Newcastle,West Ham,3,1,2.05,3.81,3.15
18/05/2026,Arsenal,Burnley,1,0,1.09,10.11,22.69
19/05/2026,Bournemouth,Man City,1,1,4.62,4.24,1.63
19/05/2026,Chelsea,Tottenham,2,1,2.19,3.28,3.25
24/05/2026,Brighton,Man United,0,3,1.87,4.08,3.49
24/05/2026,Burnley,Wolves,1,1,2.39,3.42,2.82
24/05/2026,Crystal Palace,Arsenal,1,2,3.97,3.66,1.86
24/05/2026,Fulham,Newcastle,2,0,2.54,3.63,2.53
24/05/2026,Liverpool,Brentford,1,1,1.77,4.06,3.96
24/05/2026,Man City,Aston Villa,1,2,1.39,5.15,6.71
24/05/2026,Nott'm Forest,Bournemouth,1,1,3.54,3.7,1.96
24/05/2026,Sunderland,Chelsea,2,1,3.39,3.65,2.03
24/05/2026,Tottenham,Everton,1,0,1.87,3.48,4.1
24/05/2026,West Ham,Leeds,3,0,1.7,4.11,4.35
